customer_id,loan_id,loan_amount,tenure,interest_rate,monthly_repayment_emi,emis_paid_on_time,approval_date,end_date,userid
1,7798,900000,138,17.92,39978,86,08-11-2021,08-05-2033,1
2,5607,400000,81,13.16,10369,64,20-03-2017,20-12-2023,2
2,3957,200000,84,14.34,6083,74,22-04-2012,22-04-2019,2
3,1313,100000,132,17.74,4567,113,24-11-2019,24-11-2030,3
3,3050,500000,78,8.86,10668,75,03-10-2017,03-04-2024,3
4,9018,400000,171,13.06,13043,126,19-06-2015,19-09-2029,4
5,4521,200000,180,8.83,3954,100,02-03-2017,02-03-2032,5
5,9794,300000,87,9.21,6389,54,26-04-2010,26-07-2017,5
6,4441,600000,15,17.28,46912,11,21-03-2011,21-06-2012,6
7,6538,900000,69,17.48,29189,39,06-03-2020,06-12-2025,7
7,4160,300000,105,12.35,7253,53,27-05-2014,27-02-2023,7
8,2520,1000000,99,16.19,33552,50,25-10-2013,25-01-2022,8
8,6045,600000,21,17.86,33674,21,31-12-2021,30-09-2023,8
8,6693,500000,54,11.56,14342,53,15-05-2013,15-11-2017,8
8,7737,600000,60,13.25,18629,53,22-04-2012,22-04-2017,8
8,9971,100000,138,13.23,2842,107,12-11-2022,12-05-2034,8
8,5543,400000,174,17.94,23161,92,20-05-2010,20-11-2024,8
8,3079,100000,102,13.22,2647,54,04-06-2013,04-12-2021,8
9,8907,700000,111,16.51,24948,83,21-01-2017,21-04-2026,9
9,6619,700000,156,10.4,16239,119,23-06-2011,23-06-2024,9
10,7638,800000,93,12.92,20137,58,20-03-2012,20-12-2019,10
10,6109,600000,138,13.76,17954,82,30-06-2017,30-12-2028,10
10,1324,200000,42,11.9,6672,35,08-01-2016,08-07-2019,10
10,8696,500000,72,8.95,11615,51,03-08-2010,03-08-2016,10
10,4534,900000,66,13.35,25516,61,22-06-2016,22-12-2021,10
11,6809,200000,165,8.67,3572,103,27-11-2010,27-08-2024,11
11,8297,600000,150,15.86,23403,98,20-01-2019,20-07-2031,11
12,2108,800000,120,9.14,15986,104,08-12-2019,08-12-2029,12
12,8588,500000,81,17.96,16630,71,20-07-2017,20-04-2024,12
13,9609,700000,9,10.32,77778,7,28-09-2016,28-06-2017,13
14,5930,900000,129,8.2,15344,114,09-03-2017,09-12-2027,14
14,2941,600000,129,8.11,10144,77,14-08-2013,14-05-2024,14
14,8279,700000,33,16.32,28701,33,06-02-2015,06-11-2017,14
14,5592,800000,99,13.19,21773,87,04-04-2010,04-07-2018,14
14,8870,700000,3,10.2,233333,3,23-12-2021,23-03-2022,14
15,1512,600000,96,10.49,13882,54,01-06-2023,01-06-2031,15
15,6202,400000,111,13.3,11087,104,21-06-2020,21-09-2029,15
15,4439,900000,105,8.87,16917,64,07-03-2016,07-12-2024,15
15,8768,300000,138,11.02,6865,130,04-08-2013,04-02-2025,15
16,6181,400000,114,16.19,13542,111,03-12-2012,03-06-2022,16
16,4301,500000,48,15.39,18467,45,12-02-2010,12-02-2014,16
16,1504,600000,180,11.75,17644,151,19-12-2010,19-12-2025,16
17,6710,900000,27,15.42,44406,16,13-09-2019,13-12-2021,17
17,7009,1000000,66,10.36,24804,35,02-12-2016,02-06-2022,17
18,6113,700000,51,11.26,21032,31,01-09-2016,01-12-2020,18
19,6293,600000,48,16.26,22837,30,25-12-2017,25-12-2021,19
19,7075,900000,162,12.41,25421,151,06-08-2017,06-02-2031,19
19,7613,900000,171,12.67,27962,141,27-07-2017,27-10-2031,19
20,2660,500000,12,17.84,49100,7,22-11-2010,22-11-2011,20
20,1003,900000,102,12.54,22704,87,04-11-2010,04-05-2019,20
21,1548,600000,102,17.89,21947,65,01-12-2022,01-06-2031,21
21,4273,900000,39,11.65,32118,25,14-02-2018,14-05-2021,21
21,5147,600000,102,16.37,19782,82,27-03-2018,27-09-2026,21
21,9517,500000,123,16.16,18182,96,01-07-2015,01-10-2025,21
21,2579,900000,45,14.65,30141,44,06-11-2018,06-08-2022,21
22,1978,300000,42,8.44,9108,30,01-11-2014,01-05-2018,22
22,3319,300000,180,11.64,8693,143,12-07-2019,12-07-2034,22
22,5977,800000,144,14.14,27163,93,25-05-2018,25-05-2030,22
22,4820,800000,33,12.22,30529,20,02-10-2018,02-07-2021,22
23,1569,1000000,174,12.05,28263,92,02-10-2020,02-04-2035,23
23,4260,300000,27,11.63,13846,21,11-05-2014,11-08-2016,23
23,4585,200000,42,10.15,6364,25,05-08-2017,05-02-2021,23
23,4294,800000,120,10.71,18441,74,29-07-2014,29-07-2024,23
24,6592,300000,147,8.37,5354,93,26-09-2016,26-12-2028,24
24,9436,200000,105,10.67,4286,74,01-07-2017,01-04-2026,24
24,8451,400000,24,13.42,21440,23,21-07-2013,21-07-2015,24
24,3934,300000,81,10.89,6886,69,26-08-2017,26-05-2024,24
24,5289,200000,48,15.31,7366,28,16-01-2011,16-01-2015,24
25,1067,700000,36,15.48,29944,31,23-04-2022,23-04-2025,25
25,8879,900000,132,14.37,29861,81,20-03-2023,20-03-2034,25
26,9164,100000,123,15.65,3480,89,15-05-2022,15-08-2032,26
26,4118,700000,30,9.57,28013,17,06-11-2021,06-05-2024,26
27,6100,700000,6,13.02,116667,6,08-04-2010,08-10-2010,27
27,5118,200000,168,11.86,5717,108,17-02-2018,17-02-2032,27
27,3173,100000,180,8.2,1812,101,24-11-2016,24-11-2031,27
27,7093,900000,147,11.84,23447,144,23-01-2018,23-04-2030,27
28,5152,200000,147,12.39,5526,126,13-07-2015,13-10-2027,28
28,4640,900000,153,15.77,34096,109,09-07-2013,09-04-2026,28
28,9357,100000,54,12.09,2923,27,27-05-2019,27-11-2023,28
29,8977,200000,21,17.07,11150,19,08-07-2011,08-04-2013,29
29,8265,700000,150,13.23,20727,127,13-11-2020,13-05-2033,29
29,7570,200000,42,13.36,6937,39,21-02-2010,21-08-2013,29
29,4475,500000,156,12.67,15113,87,21-11-2011,21-11-2024,29
29,9617,400000,129,8.41,6953,76,18-01-2017,18-10-2027,29
29,6801,400000,33,17.89,16846,19,25-06-2013,25-03-2016,29
30,1721,900000,33,9.52,32713,20,05-06-2019,05-03-2022,30
30,8331,1000000,171,17.88,58501,91,24-12-2012,24-03-2027,30
30,7768,600000,33,9.52,21808,33,26-05-2012,26-02-2015,30
31,9688,700000,153,15.53,25867,148,22-03-2019,22-12-2031,31
32,6627,400000,111,9.25,7990,62,26-06-2023,26-09-2032,32
32,6546,800000,105,9.45,15690,60,28-01-2014,28-10-2022,32
32,8353,900000,78,13.94,25247,75,02-01-2019,02-07-2025,32
33,7638,1000000,114,16.7,35215,111,30-09-2016,30-03-2026,33
34,4211,400000,45,11.33,12265,27,12-04-2016,12-01-2020,34
34,9719,500000,93,15.96,15158,84,28-05-2013,28-02-2021,34
34,2809,600000,12,12.52,56260,12,07-06-2014,07-06-2015,34
35,8195,400000,39,17.41,16600,32,23-04-2011,23-07-2014,35
35,5872,600000,165,10.5,13316,161,17-09-2013,17-06-2027,35
35,3279,800000,138,13.77,23962,79,19-05-2022,19-11-2033,35
35,8684,300000,84,17.03,10738,57,21-11-2018,21-11-2025,35
35,9640,600000,129,11.83,14228,122,23-02-2012,23-11-2022,35
36,7295,300000,162,10,6393,118,07-11-2018,07-05-2032,36
36,7598,800000,84,10.94,19698,51,12-06-2016,12-06-2023,36
36,9338,500000,123,9.76,10316,86,15-10-2022,15-01-2033,36
36,5768,100000,48,9.1,2952,34,05-12-2012,05-12-2016,36
36,6150,100000,81,15.72,2965,48,11-11-2022,11-08-2029,36
37,2977,700000,111,15.58,23212,64,25-07-2012,25-10-2021,37
37,3749,500000,30,13.13,21331,18,15-02-2010,15-08-2012,37
37,4134,400000,141,11.36,9265,97,03-04-2023,03-01-2035,37
39,1924,600000,84,15.11,19128,84,05-01-2013,05-01-2020,39
40,9097,600000,111,8.63,11386,72,10-02-2011,10-05-2020,40
40,5350,700000,111,12.5,18203,99,23-05-2012,23-08-2021,40
41,7058,500000,42,17.29,19209,32,27-06-2019,27-12-2022,41
41,7930,500000,153,16.52,20468,132,28-09-2022,28-06-2035,41
41,2992,700000,87,11.8,17566,57,12-08-2022,12-11-2029,41
41,8954,800000,117,15.91,25822,100,10-06-2012,10-03-2022,41
43,2372,100000,3,16.2,33333,2,23-12-2018,23-03-2019,43
44,1957,500000,123,12.17,12818,78,07-12-2020,07-03-2031,44
44,7068,900000,180,14.89,40105,140,31-07-2018,31-07-2033,44
45,8559,800000,27,14.44,38804,22,04-05-2020,04-08-2022,45
45,3545,300000,54,9.28,7923,50,02-01-2022,02-07-2026,45
45,2946,500000,111,13.19,13738,76,24-12-2020,24-03-2030,45
45,3789,1000000,132,15.43,36722,120,06-09-2021,06-09-2032,45
45,1558,200000,12,8.3,18050,9,02-08-2014,02-08-2015,45
45,1884,500000,27,17.73,25667,27,15-01-2021,15-04-2023,45
46,4085,1000000,120,8.09,18142,109,18-10-2020,18-10-2030,46
47,6430,600000,114,14.08,17224,66,13-12-2021,13-06-2031,47
47,3212,900000,48,12.26,29778,35,01-09-2022,01-09-2026,47
47,2481,800000,123,17.06,31425,70,22-10-2022,22-01-2033,47
48,4430,300000,30,17.64,13839,19,09-06-2019,09-12-2021,48
48,9623,100000,51,15.95,3544,28,01-11-2021,01-02-2026,48
49,4870,800000,90,16.66,26140,72,24-09-2015,24-03-2023,49
49,3450,200000,123,16.61,7559,71,30-04-2011,30-07-2021,49
50,1535,200000,108,11.85,5074,86,16-04-2017,16-04-2026,50
50,5200,900000,24,8.83,44415,24,28-11-2015,28-11-2017,50
51,6111,200000,51,17.94,7588,32,30-09-2018,30-12-2022,51
51,3588,600000,57,8.27,14465,34,06-02-2016,06-11-2020,51
51,1637,200000,129,16.44,7103,106,25-11-2021,25-08-2032,51
51,8602,200000,6,15.38,33333,4,18-11-2016,18-05-2017,51
51,2402,800000,135,13.13,23020,75,27-09-2014,27-12-2025,51
52,9676,900000,174,16.87,45871,128,09-05-2019,09-11-2033,52
53,7408,800000,45,14.86,26939,40,24-12-2015,24-09-2019,53
53,4774,500000,162,9.25,9748,123,01-09-2011,01-03-2025,53
53,9735,600000,108,8.39,11472,95,20-08-2015,20-08-2024,53
53,8321,100000,177,9.59,2036,123,07-08-2011,07-05-2026,53
53,4151,300000,84,9.83,6885,52,26-11-2010,26-11-2017,53
53,3540,100000,69,17.21,3206,43,29-04-2016,29-01-2022,53
54,6346,800000,6,16.4,133333,6,08-08-2012,08-02-2013,54
55,8850,600000,36,16.19,26143,18,08-10-2010,08-10-2013,55
55,3816,900000,174,17.46,49221,172,16-11-2010,16-05-2025,55
56,2895,800000,69,17.65,26134,46,11-01-2018,11-10-2023,56
56,8802,400000,96,8.71,8127,90,01-12-2015,01-12-2023,56
56,5371,900000,75,12.45,24263,61,18-11-2022,18-02-2029,56
56,9512,600000,162,16.68,27516,113,16-05-2014,16-11-2027,56
57,7116,1000000,72,11.83,27165,44,17-04-2019,17-04-2025,57
58,9342,200000,36,10.61,7518,33,29-03-2022,29-03-2025,58
59,8561,700000,45,11.68,21668,37,31-01-2011,31-10-2014,59
59,6644,500000,30,8.68,19686,16,20-10-2019,20-04-2022,59
59,7524,600000,30,17.3,27519,26,24-04-2021,24-10-2023,59
59,1047,900000,114,10.86,19967,102,27-03-2011,27-09-2020,59
59,4987,700000,21,11.4,37133,18,03-08-2010,03-05-2012,59
60,4729,200000,39,11.52,7113,23,27-10-2022,27-01-2026,60
60,6757,400000,81,9.38,8457,67,22-03-2017,22-12-2023,60
60,6331,400000,63,16.72,13755,47,29-11-2021,28-02-2027,60
61,4231,700000,3,16.24,233333,2,03-08-2012,03-11-2012,61
61,8230,400000,108,12.23,10462,81,31-01-2014,31-01-2023,61
62,5386,300000,126,13.14,8183,85,17-04-2014,17-10-2024,62
63,8214,300000,99,17.41,10943,58,12-03-2012,12-06-2020,63
63,6150,500000,66,12.48,13640,60,17-11-2020,17-05-2026,63
63,1682,800000,33,8.97,28787,27,14-11-2022,14-08-2025,63
63,8216,200000,165,10.78,4587,153,19-03-2023,19-12-2036,63
66,6043,300000,72,10.34,7519,55,19-10-2022,19-10-2028,66
67,7099,800000,153,15.74,30213,79,12-02-2018,12-11-2030,67
68,6701,500000,171,12.72,15631,160,04-01-2021,04-04-2035,68
68,9388,500000,15,10.21,36737,9,23-06-2013,23-09-2014,68
68,1579,300000,120,8.47,5637,106,23-04-2010,23-04-2020,68
68,4420,800000,108,13.76,23636,89,17-04-2020,17-04-2029,68
68,8404,400000,162,17.36,19784,103,12-02-2011,12-08-2024,68
68,9024,100000,99,17.02,3552,65,23-02-2016,23-05-2024,68
69,9810,600000,168,10.05,13649,87,07-08-2017,07-08-2031,69
69,3515,100000,105,17.06,3358,92,13-06-2021,13-03-2030,69
70,1438,500000,57,17.52,16732,56,13-08-2013,13-05-2018,70
70,3213,300000,129,14.53,9031,80,03-11-2019,03-08-2030,70
70,9337,900000,162,16.62,40999,161,21-01-2018,21-07-2031,70
70,8478,1000000,171,17.8,57948,158,24-11-2019,24-02-2034,70
70,7037,600000,105,16.91,19942,67,09-08-2012,09-05-2021,70
71,3238,500000,51,16.41,18004,48,11-03-2018,11-06-2022,71
71,3826,900000,171,9.17,17976,111,05-06-2020,05-09-2034,71
71,2240,400000,117,9.57,7782,72,19-08-2021,19-05-2031,71
72,5020,500000,165,11.64,12681,90,01-03-2015,01-12-2028,72
72,1127,400000,147,14.06,13193,79,28-08-2019,28-11-2031,72
72,8425,600000,72,15.57,19856,48,15-06-2012,15-06-2018,72
72,1882,300000,60,14.33,9767,57,04-08-2016,04-08-2021,72
73,2790,300000,24,11.47,15532,20,23-05-2012,23-05-2014,73
73,6044,800000,108,11.65,19971,78,21-12-2021,21-12-2030,73
73,7933,900000,75,12.87,24811,52,17-06-2014,17-09-2020,73
73,2683,200000,51,9.77,5694,32,13-05-2013,13-08-2017,73
73,7029,800000,93,15.91,24180,55,20-04-2013,20-01-2021,73
73,4758,400000,141,15.39,13699,115,02-11-2022,02-08-2034,73
74,5639,200000,81,10.59,4517,74,28-05-2022,28-02-2029,74
74,4978,100000,108,15.72,3445,71,06-06-2015,06-06-2024,74
74,4645,600000,177,17.89,33951,109,22-08-2018,22-05-2033,74
74,3767,400000,81,15.12,11494,52,08-09-2017,08-06-2024,74
74,3373,500000,120,8.42,9352,86,16-09-2022,16-09-2032,74
75,2066,700000,111,17.74,27422,66,03-05-2013,03-08-2022,75
76,6597,500000,48,8.44,14404,48,07-06-2017,07-06-2021,76
76,7052,500000,174,17.81,28508,162,27-10-2015,27-04-2030,76
76,1672,500000,165,10.98,11740,114,30-01-2020,30-10-2033,76
77,9688,500000,60,8.5,12530,50,04-09-2016,04-09-2021,77
78,1185,900000,24,13.11,47977,21,21-03-2022,21-03-2024,78
79,1908,200000,129,16.99,7446,107,05-03-2019,05-12-2029,79
80,9946,500000,21,12.53,26793,11,13-04-2018,13-01-2020,80
81,7884,900000,87,13.91,25743,61,10-02-2014,10-05-2021,81
81,1909,200000,135,8.7,3709,91,06-04-2018,06-07-2029,81
81,7008,300000,165,11.54,7520,97,29-05-2019,28-02-2033,81
81,9493,500000,51,8.37,13522,32,29-01-2018,29-04-2022,81
81,3886,600000,51,14.36,20122,41,14-11-2014,14-02-2019,81
82,4274,700000,96,11.3,17171,81,28-04-2012,28-04-2020,82
83,9641,600000,69,17,19065,53,07-02-2011,07-11-2016,83
83,5904,300000,3,14.2,100000,2,12-08-2020,12-11-2020,83
83,4318,600000,126,15.76,20576,85,02-08-2020,02-02-2031,83
83,5268,900000,147,8.85,16938,96,03-01-2021,03-04-2033,83
83,9976,800000,60,17.54,29913,60,08-04-2023,08-04-2028,83
84,6700,500000,72,17.63,18397,66,21-05-2016,21-05-2022,84
84,4567,600000,141,14.89,19590,98,04-03-2022,04-12-2033,84
84,3280,700000,114,15.87,23117,64,19-01-2012,19-07-2021,84
84,6739,500000,144,12.6,14423,112,17-10-2022,17-10-2034,84
85,4795,500000,129,14.06,14445,120,14-08-2023,14-05-2034,85
85,8135,800000,36,15.69,34409,24,03-12-2016,03-12-2019,85
86,2571,700000,132,13.03,20401,95,12-03-2013,12-03-2024,86
86,3514,800000,87,15.08,24579,46,19-10-2012,19-01-2020,86
86,6575,300000,96,14.63,9316,48,14-06-2010,14-06-2018,86
86,6079,600000,132,15.99,23238,80,05-12-2020,05-12-2031,86
87,1582,700000,54,15.89,23382,36,14-10-2017,14-04-2022,87
87,7029,200000,93,9.8,4138,71,29-07-2015,29-04-2023,87
88,3955,800000,39,12.77,29418,21,08-08-2016,08-11-2019,88
88,6330,800000,174,13.01,25479,134,21-07-2013,21-01-2028,88
89,4814,700000,141,16.52,26686,122,19-01-2021,19-10-2032,89
90,9383,800000,87,11.41,19590,80,28-08-2014,28-11-2021,90
90,1429,800000,15,15.75,61733,8,11-08-2018,11-11-2019,90
91,8579,900000,75,12.41,24211,53,11-05-2010,11-08-2016,91
92,7627,500000,6,13.11,83333,5,27-03-2014,27-09-2014,92
92,2293,500000,168,16.42,25006,142,21-12-2022,21-12-2036,92
92,1793,100000,165,13.59,3176,123,20-08-2020,20-05-2034,92
93,5958,200000,153,11.54,4847,118,05-03-2014,05-12-2026,93
93,3089,100000,123,10.22,2151,102,11-03-2013,11-06-2023,93
93,9833,600000,84,11.4,15208,61,25-05-2023,25-05-2030,93
93,8459,900000,33,12.78,34689,23,18-06-2016,18-03-2019,93
93,8532,200000,144,13.03,6039,99,11-11-2011,11-11-2023,93
94,2499,900000,9,11.93,100000,9,16-09-2015,16-06-2016,94
94,3888,900000,108,15.75,31082,75,28-08-2017,28-08-2026,94
94,6611,1000000,36,9.92,36892,29,10-05-2015,10-05-2018,94
95,8264,500000,165,15.57,19883,92,06-09-2015,06-06-2029,95
95,8715,500000,159,10.44,11434,128,24-05-2011,24-08-2024,95
96,3221,300000,111,10.31,6536,61,28-01-2014,28-04-2023,96
96,8413,800000,129,9.33,15132,120,21-01-2010,21-10-2020,96
97,4859,800000,33,15.4,32284,23,22-07-2015,22-04-2018,97
97,8244,800000,123,13.55,23177,84,04-09-2011,04-12-2021,97
98,3104,300000,39,14.24,11469,32,13-06-2021,13-09-2024,98
98,7547,300000,75,11.69,7765,43,23-01-2014,23-04-2020,98
99,7022,700000,171,14.3,26592,93,25-04-2012,25-07-2026,99
99,9918,800000,96,13.27,22581,62,21-06-2010,21-06-2018,99
100,6916,100000,48,16.5,3838,45,22-07-2018,22-07-2022,100
100,8274,900000,48,16.13,34102,43,01-09-2019,01-09-2023,100
100,2290,400000,21,17.98,22472,21,02-09-2019,02-06-2021,100
100,6720,900000,168,17.17,49245,139,27-07-2017,27-07-2031,100
101,2689,500000,27,17.68,25646,15,29-01-2016,29-04-2018,101
101,5594,300000,45,16.11,10436,31,07-04-2019,07-01-2023,101
101,9147,600000,6,14.68,100000,4,22-11-2020,22-05-2021,101
102,5088,200000,177,12.6,5951,106,11-07-2013,11-04-2028,102
102,1631,900000,66,9.17,21145,61,28-05-2023,28-11-2028,102
102,4895,200000,42,12.7,6816,40,23-12-2011,23-06-2015,102
104,1551,400000,18,12.66,25036,12,15-01-2016,15-07-2017,104
104,8193,900000,33,11.21,33730,23,19-11-2013,19-08-2016,104
104,1261,700000,75,17.56,24637,56,01-06-2011,01-09-2017,104
104,7835,600000,9,14.49,66667,7,25-10-2022,25-07-2023,104
105,7542,500000,90,13.44,13430,80,16-10-2012,16-04-2020,105
105,9490,400000,108,15.67,13728,85,24-06-2017,24-06-2026,105
105,4284,400000,6,11.59,66667,5,21-01-2013,21-07-2013,105
105,1313,500000,69,13.21,13475,42,01-07-2017,01-04-2023,105
105,6043,200000,111,12.72,5293,93,27-03-2021,27-06-2030,105
106,7599,700000,63,14.6,21962,42,02-04-2014,02-07-2019,106
106,5132,600000,102,9.05,11764,82,17-05-2019,17-11-2027,106
107,3217,800000,12,12.45,74967,8,02-05-2023,02-05-2024,107
107,6719,200000,102,10.15,4249,92,26-01-2010,26-07-2018,107
107,8097,600000,78,15.44,18205,46,31-10-2016,30-04-2023,107
107,8848,600000,141,12.2,15096,135,14-03-2020,14-12-2031,107
107,2525,300000,9,12.82,33333,8,31-03-2013,31-12-2013,107
108,1131,200000,84,11.58,5127,59,02-11-2012,02-11-2019,108
108,5500,600000,117,10.32,12412,104,26-08-2022,26-05-2032,108
109,1079,500000,177,15.4,20984,94,08-07-2010,08-04-2025,109
109,5252,300000,72,9.29,7100,57,27-06-2010,27-06-2016,109
109,6168,500000,141,11.74,12024,75,20-08-2013,20-05-2025,109
110,7005,500000,54,16.21,16887,41,09-07-2018,09-01-2023,110
110,6784,600000,105,16.48,19363,64,22-06-2011,22-03-2020,110
110,8192,500000,132,14.45,16717,88,27-11-2013,27-11-2024,110
111,6647,500000,105,17.99,17887,53,13-02-2020,13-11-2028,111
112,3478,400000,18,16.18,25818,18,14-12-2017,14-06-2019,112
112,5494,500000,57,14.22,14930,42,28-06-2012,28-03-2017,112
112,6445,900000,60,9.2,23292,37,21-06-2016,21-06-2021,112
113,4722,700000,138,15.36,24425,93,10-06-2023,10-12-2034,113
113,5797,300000,54,13.47,9210,42,25-04-2017,25-10-2021,113
114,1926,900000,141,12.46,23227,76,21-05-2019,21-02-2031,114
114,9410,100000,168,10.33,2357,154,26-12-2010,26-12-2024,114
114,4391,400000,123,11.02,9251,89,25-12-2011,25-03-2022,114
115,7273,400000,45,13.63,13041,24,07-09-2019,07-06-2023,115
115,3591,700000,78,8.35,14520,58,03-08-2015,03-02-2022,115
115,3063,900000,9,17.35,100000,6,31-03-2019,31-12-2019,115
116,9450,900000,162,9.2,17443,156,18-03-2013,18-09-2026,116
116,9552,100000,72,14.54,3136,38,26-09-2020,26-09-2026,116
116,4618,500000,66,8.42,11349,43,14-06-2021,14-12-2026,116
116,4351,500000,12,8.73,45304,9,21-04-2021,21-04-2022,116
117,8974,1000000,39,17,41067,31,12-06-2023,12-09-2026,117
117,7543,800000,141,9.45,15319,113,21-07-2015,21-04-2027,117
117,5074,200000,24,8.15,9747,18,27-10-2021,27-10-2023,117
117,8581,900000,54,13.06,27232,49,04-09-2019,04-03-2024,117
117,5158,200000,81,10.59,4517,50,12-04-2017,12-01-2024,117
118,3606,400000,150,10.93,9259,139,29-08-2019,29-02-2032,118
118,6492,700000,24,11.68,36378,15,28-11-2013,28-11-2015,118
119,8906,800000,81,15.81,23828,61,12-01-2019,12-10-2025,119
119,7532,800000,60,13.2,24784,36,10-09-2016,10-09-2021,119
119,4022,100000,87,13.2,2738,54,18-05-2011,18-08-2018,119
119,3552,300000,141,12.57,7826,130,27-08-2019,27-05-2031,119
120,3015,400000,66,14.11,11726,39,22-10-2022,22-04-2028,120
120,7520,800000,120,17.22,32653,68,13-04-2014,13-04-2024,120
120,6758,800000,18,15.23,51213,13,05-06-2014,05-12-2015,120
121,7007,800000,33,15.58,32385,31,09-12-2013,09-09-2016,121
121,5294,200000,135,10.1,4269,85,17-04-2012,17-07-2023,121
122,7946,200000,15,16.46,15528,10,03-10-2022,03-01-2024,122
122,3423,800000,57,11.17,21437,57,04-12-2015,04-09-2020,122
122,1511,200000,150,11.22,4777,110,18-05-2023,18-11-2035,122
122,6175,1000000,141,16.89,39476,104,28-12-2017,28-09-2029,122
123,8147,500000,165,8.23,8472,95,08-12-2013,08-09-2027,123
123,7482,700000,153,9.45,13521,152,18-08-2020,18-05-2033,123
123,2262,200000,129,12.24,4919,67,19-08-2022,19-05-2033,123
123,4588,500000,57,10.42,13040,39,17-10-2020,17-07-2025,123
123,7170,400000,42,13.05,13760,39,30-10-2018,30-04-2022,123
124,7166,200000,123,9.54,4044,80,03-05-2010,03-08-2020,124
124,2726,600000,3,17.37,200000,2,10-07-2012,10-10-2012,124
125,9312,200000,42,17.92,7808,24,22-12-2011,22-06-2015,125
125,4443,700000,162,13.04,21262,87,18-05-2021,18-11-2034,125
125,8199,200000,84,12.4,5397,62,12-12-2014,12-12-2021,125
125,1299,900000,15,11.64,66984,8,28-04-2017,28-07-2018,125
125,2826,400000,15,9.79,29277,9,18-02-2022,18-05-2023,125
126,5368,100000,108,15.75,3454,72,28-06-2012,28-06-2021,126
126,9526,400000,84,11.59,10260,43,05-12-2016,05-12-2023,126
127,1116,400000,54,11.17,11314,36,30-04-2010,30-10-2014,127
127,1565,200000,63,8.12,4691,49,23-02-2023,23-05-2028,127
128,8288,700000,150,14.84,24554,126,17-02-2020,17-08-2032,128
129,3792,300000,159,9.55,6176,112,06-01-2016,06-04-2029,129
129,2542,300000,72,12.58,8483,65,02-05-2017,02-05-2023,129
130,3794,500000,120,15.91,18239,67,17-04-2016,17-04-2026,130
130,4888,600000,24,17.75,34663,19,22-08-2023,22-08-2025,130
131,3252,600000,81,13.13,15529,67,09-11-2020,09-08-2027,131
131,7329,1000000,132,16.74,41576,103,12-03-2023,12-03-2034,131
132,7507,800000,63,13.01,23406,39,13-02-2018,13-05-2023,132
132,4262,200000,159,14.77,7541,153,24-05-2011,24-08-2024,132
133,3832,1000000,9,9.12,111111,6,01-11-2016,01-08-2017,133
133,3171,400000,27,11.5,18418,22,02-07-2022,02-10-2024,133
133,9660,600000,105,13.95,16243,74,14-03-2019,14-12-2027,133
133,6996,700000,45,15,23658,27,26-04-2010,26-01-2014,133
134,9600,700000,69,10.56,16759,56,26-04-2013,26-01-2019,134
135,5637,300000,123,9.53,6061,100,29-01-2016,29-04-2026,135
135,4370,900000,45,11.06,27397,40,14-07-2018,14-04-2022,135
136,4189,100000,102,13.04,2614,85,02-07-2021,02-01-2030,136
136,4725,400000,45,10.64,12039,39,28-08-2022,28-05-2026,136
136,1198,900000,147,14.82,32147,98,03-05-2013,03-08-2025,136
136,3535,800000,108,16.94,30292,69,17-09-2018,17-09-2027,136
137,3761,800000,69,10.53,19127,65,01-01-2022,01-10-2027,137
137,9076,800000,159,13.57,26310,132,31-01-2017,30-04-2030,137
137,8571,900000,84,16.23,30704,43,02-12-2022,02-12-2029,137
138,8579,200000,159,10.65,4688,141,25-11-2011,25-02-2025,138
138,1944,400000,99,9.64,8437,78,05-05-2013,05-08-2021,138
139,3353,500000,135,11.98,12858,101,08-04-2019,08-07-2030,139
140,6102,500000,66,16.25,16084,64,03-10-2017,03-04-2023,140
140,9180,100000,111,9.46,2032,104,23-08-2018,23-11-2027,140
141,8417,500000,174,9.43,10147,163,02-06-2010,02-12-2024,141
141,4360,700000,120,10.52,15861,111,21-08-2018,21-08-2028,141
141,4446,700000,66,13.21,19723,49,31-10-2013,30-04-2019,141
142,6704,600000,162,16.02,25560,150,18-10-2014,18-04-2028,142
142,5200,600000,162,11.7,15607,141,03-07-2014,03-01-2028,142
142,2866,800000,102,16.72,27018,66,16-11-2018,16-05-2027,142
142,8846,200000,156,15.14,8014,129,13-08-2016,13-08-2029,142
142,6815,300000,171,13.61,10470,98,21-02-2022,21-05-2036,142
144,2743,700000,72,12.25,19448,42,13-08-2010,13-08-2016,144
144,4014,700000,132,8.06,12441,127,20-09-2022,20-09-2033,144
145,1131,900000,138,13.73,26853,92,22-04-2018,22-10-2029,145
147,8122,600000,105,9.75,12028,83,28-10-2020,28-07-2029,147
148,1203,900000,54,8.61,23191,28,12-12-2017,12-06-2022,148
148,5480,300000,12,16.02,29005,6,27-03-2023,27-03-2024,148
149,8226,400000,3,9.79,133333,3,21-09-2013,21-12-2013,149
149,7635,700000,111,15.24,22605,62,07-05-2010,07-08-2019,149
149,4720,600000,6,12.92,100000,4,16-08-2021,16-02-2022,149
150,2357,200000,21,9.69,10447,18,05-07-2021,05-04-2023,150
151,6741,500000,153,15.52,18457,92,22-04-2015,22-01-2028,151
151,5987,200000,84,17.3,7275,67,27-05-2016,27-05-2023,151
151,5772,700000,150,9.21,13432,87,14-06-2021,14-12-2033,151
152,4635,200000,87,17.07,6928,80,01-04-2018,01-07-2025,152
152,1954,100000,45,13.91,3285,40,06-01-2021,06-10-2024,152
152,4955,700000,156,9.99,15473,80,09-03-2021,09-03-2034,152
152,1994,800000,9,11.73,88889,7,10-09-2018,10-06-2019,152
152,9847,200000,168,15.36,8800,108,13-09-2016,13-09-2030,152
152,1275,700000,162,17.01,33303,149,02-04-2016,02-10-2029,152
152,4504,900000,54,12.09,26310,46,18-07-2020,18-01-2025,152
153,5618,400000,60,16.12,14075,42,28-09-2017,28-09-2022,153
153,1817,400000,54,9.1,10495,28,13-02-2010,13-08-2014,153
153,5284,700000,60,11.71,20296,50,15-06-2016,15-06-2021,153
153,7574,300000,159,17.95,16136,147,26-10-2010,26-01-2024,153
153,9422,200000,57,12.75,5670,36,18-02-2023,18-11-2027,153
153,5472,400000,21,14.86,21878,15,08-06-2013,08-03-2015,153
154,7197,200000,150,15.37,7414,93,18-09-2013,18-03-2026,154
154,1130,100000,75,16.5,3333,45,11-03-2010,11-06-2016,154
154,1969,400000,21,12.23,21377,12,17-05-2021,17-02-2023,154
155,1005,200000,171,10.36,4649,169,05-12-2015,05-03-2030,155
155,3261,100000,27,14.37,4845,23,17-07-2022,17-10-2024,155
156,7934,900000,90,17.81,31497,73,19-03-2022,19-09-2029,156
156,8265,400000,27,13.44,19065,15,05-12-2013,05-03-2016,156
156,8229,700000,84,12.4,18888,82,20-08-2019,20-08-2026,156
158,3234,700000,123,8.68,13082,115,15-04-2014,15-07-2024,158
159,1083,600000,162,16.94,28324,99,24-08-2017,24-02-2031,159
159,8695,100000,168,8.1,1771,118,23-08-2013,23-08-2027,159
159,3533,800000,84,14.34,24333,57,09-11-2015,09-11-2022,159
159,2388,1000000,69,8.11,21403,63,10-05-2021,10-02-2027,159
159,5694,400000,120,15.35,13901,63,18-06-2013,18-06-2023,159
160,3627,200000,177,12.65,5988,172,13-11-2010,13-08-2025,160
160,7211,400000,135,14.79,13510,103,09-08-2012,09-11-2023,160
160,1472,200000,66,9.29,4725,48,19-06-2020,19-12-2025,160
161,1824,700000,174,17.62,39020,151,21-02-2012,21-08-2026,161
161,1635,400000,180,14.49,16916,104,16-02-2021,16-02-2036,161
161,8750,300000,18,9.18,18197,18,06-01-2022,06-07-2023,161
162,6266,500000,138,10.22,10567,105,09-11-2018,09-05-2030,162
162,4662,200000,33,16.1,8169,18,22-12-2021,22-09-2024,162
162,9367,900000,57,17.8,30405,54,29-03-2018,29-12-2022,162
162,9503,700000,156,8.02,12233,101,14-04-2011,14-04-2024,162
163,4590,900000,78,12.28,23119,49,28-02-2020,28-08-2026,163
163,7053,900000,159,17.17,44408,113,25-09-2019,25-12-2032,163
164,6625,600000,90,9.23,12368,67,12-07-2021,12-01-2029,164
164,3398,600000,63,12.07,16837,43,15-05-2018,15-08-2023,164
165,3272,100000,156,17.95,5482,113,31-03-2022,31-03-2035,165
166,4828,800000,141,10.6,17186,140,02-06-2013,02-03-2025,166
166,7840,400000,63,14.75,12632,44,28-01-2020,28-04-2025,166
166,4615,900000,15,12.03,67218,11,22-09-2018,22-12-2019,166
166,3521,300000,126,9.33,5810,65,30-11-2019,30-05-2030,166
167,7928,700000,138,14.16,21771,84,14-02-2016,14-08-2027,167
167,7483,700000,9,15.31,77778,9,20-09-2020,20-06-2021,167
167,4359,600000,9,17.71,66667,6,05-10-2016,05-07-2017,167
167,3342,300000,114,10.85,6650,63,13-12-2019,13-06-2029,167
167,7408,900000,69,15.63,26962,48,15-02-2022,15-11-2027,167
169,1304,500000,84,8.54,10564,51,24-08-2017,24-08-2024,169
170,2589,900000,180,13.27,32411,165,01-07-2010,01-07-2025,170
170,1492,500000,114,8.78,9354,77,17-09-2010,17-03-2020,170
170,6675,900000,138,12.38,23547,79,04-02-2011,04-08-2022,170
171,2313,600000,114,12.6,15314,107,17-02-2010,17-08-2019,171
172,6396,500000,165,17.78,25434,161,03-08-2011,03-05-2025,172
172,3236,700000,153,11.2,16356,134,17-06-2010,17-03-2023,172
173,2751,200000,81,12.84,5097,50,09-03-2016,09-12-2022,173
173,7191,300000,93,14.61,8379,90,01-08-2023,01-05-2031,173
173,9255,500000,51,10.06,14385,47,03-10-2019,03-01-2024,173
173,7481,600000,129,11.22,13471,79,18-02-2013,18-11-2023,173
173,4526,500000,171,16.35,24361,98,09-07-2015,09-10-2029,173
173,7327,200000,144,17.28,9405,94,15-02-2012,15-02-2024,173
174,1060,300000,36,9.94,11074,22,30-01-2012,30-01-2015,174
174,9954,900000,150,8.42,15829,144,17-02-2016,17-08-2028,174
174,8752,200000,78,9.62,4449,71,09-09-2013,09-03-2020,174
175,3893,900000,3,16.65,300000,3,14-07-2014,14-10-2014,175
175,9935,600000,168,8.57,11292,99,26-11-2019,26-11-2033,175
176,6552,700000,159,15.85,29809,141,04-10-2012,04-01-2026,176
176,1955,800000,144,10.6,18612,118,22-03-2016,22-03-2028,176
176,9673,200000,120,10.61,4569,88,15-10-2014,15-10-2024,176
177,6195,300000,99,9.32,6181,87,07-06-2018,07-09-2026,177
177,8895,800000,144,13.7,25933,85,30-08-2023,30-08-2035,177
178,4899,600000,12,10.72,55360,9,08-08-2010,08-08-2011,178
179,2290,600000,84,9,13057,45,13-07-2014,13-07-2021,179
179,1562,300000,144,15,11146,94,08-04-2016,08-04-2028,179
180,8598,600000,138,12.62,16071,73,28-01-2022,28-07-2033,180
181,8093,800000,162,12.28,22259,144,30-11-2012,30-05-2026,181
181,9009,200000,171,12.18,5846,116,21-12-2019,21-03-2034,181
182,3026,300000,84,15.48,9781,69,14-07-2022,14-07-2029,182
182,4130,400000,180,8.93,8017,144,19-01-2022,19-01-2037,182
182,5387,100000,93,17.46,3317,73,12-06-2018,12-03-2026,182
182,7334,400000,39,8.81,13213,28,01-06-2015,01-09-2018,182
183,4824,900000,129,14.71,27521,112,16-07-2012,16-04-2023,183
183,8349,200000,84,11.76,5185,73,14-03-2018,14-03-2025,183
184,9502,600000,111,15.51,19788,71,17-04-2021,17-07-2030,184
184,4364,200000,126,13.61,5686,118,27-08-2014,27-02-2025,184
184,6726,1000000,27,11.78,46277,24,27-03-2018,27-06-2020,184
184,5623,100000,99,15.47,3192,65,18-11-2013,18-02-2022,184
184,1670,900000,135,12.72,24884,127,04-09-2016,04-12-2027,184
185,4664,800000,150,8.56,14290,99,26-03-2023,26-09-2035,185
186,9748,300000,120,15.09,10193,74,14-12-2016,14-12-2026,186
186,2797,500000,144,10.88,11991,85,25-04-2022,25-04-2034,186
186,2767,500000,150,16.78,21444,111,26-08-2018,26-02-2031,186
186,7956,600000,123,10.16,12838,120,24-07-2020,24-10-2030,186
187,4207,200000,120,17.1,8080,74,30-01-2014,30-01-2024,187
187,1302,1000000,90,15.24,29990,61,03-06-2020,03-12-2027,187
187,4951,200000,144,13.7,6483,75,02-03-2011,02-03-2023,187
187,8044,300000,63,14.47,9359,62,17-04-2018,17-07-2023,187
187,2978,200000,147,16.84,8807,78,12-11-2014,12-02-2027,187
187,2958,900000,180,15.15,41489,102,27-05-2016,27-05-2031,187
188,6065,300000,96,14.96,9533,63,12-12-2013,12-12-2021,188
188,2880,500000,60,12.68,15137,41,19-11-2013,19-11-2018,188
188,8257,400000,174,8.52,7222,109,23-09-2014,23-03-2029,188
189,6560,300000,63,8.39,7124,46,14-12-2016,14-03-2022,189
189,9132,700000,156,17.46,36353,124,23-04-2022,23-04-2035,189
191,1039,600000,63,14.52,18759,63,06-07-2014,06-10-2019,191
191,7183,300000,147,8.94,5702,88,21-07-2015,21-10-2027,191
192,1862,200000,6,14.63,33333,6,25-06-2018,25-12-2018,192
195,3976,300000,168,8.66,5712,111,17-08-2023,17-08-2037,195
196,7972,500000,30,9.9,20130,21,29-11-2011,29-05-2014,196
196,1390,400000,39,9.83,13588,29,08-08-2021,08-11-2024,196
197,9462,600000,45,17.55,21657,25,14-06-2019,14-03-2023,197
197,8808,300000,81,12.34,7445,47,14-09-2017,14-06-2024,197
197,2347,800000,108,9.65,16972,92,14-07-2019,14-07-2028,197
198,8932,600000,30,17.81,27758,19,10-10-2022,10-04-2025,198
198,6063,900000,132,10.95,21383,132,14-05-2021,14-05-2032,198
198,1107,1000000,18,11.61,62006,9,23-11-2012,23-05-2014,198
198,6183,500000,63,8.64,12011,36,23-12-2016,23-03-2022,198
199,9252,800000,141,13.51,22869,81,05-05-2016,05-02-2028,199
199,1072,600000,21,15.11,32889,13,08-03-2022,08-12-2023,199
199,1685,200000,108,14.18,6108,54,03-02-2014,03-02-2023,199
199,5753,100000,15,17.36,7824,8,01-02-2018,01-05-2019,199
200,6897,900000,144,15.69,35928,73,24-09-2017,24-09-2029,200
200,6268,900000,180,16.35,48469,91,06-06-2011,06-06-2026,200
201,8664,700000,147,11.23,17078,110,14-02-2022,14-05-2034,201
201,4610,200000,81,17.29,6429,41,30-12-2020,30-09-2027,201
202,2173,300000,66,12,8011,60,01-12-2017,01-06-2023,202
202,2122,400000,129,14.62,12136,102,31-08-2021,31-05-2032,202
202,2459,600000,105,15.98,18708,87,03-12-2017,03-09-2026,202
203,8862,500000,63,14.74,15784,35,19-04-2019,19-07-2024,203
203,9071,800000,114,13.39,21745,81,13-04-2021,13-10-2030,203
204,1346,900000,105,16.35,28786,98,17-10-2020,17-07-2029,204
204,6857,700000,18,9.26,42490,14,25-12-2021,25-06-2023,204
204,1560,400000,69,8.34,8653,69,13-04-2019,13-01-2025,204
204,9177,700000,90,11.83,17012,45,01-10-2016,01-04-2024,204
204,8630,500000,36,16.37,21887,30,04-02-2023,04-02-2026,204
204,3804,700000,63,10.27,18115,63,18-04-2010,18-07-2015,204
204,4702,700000,168,11.23,18488,154,11-02-2017,11-02-2031,204
205,2080,400000,6,12,66667,4,19-02-2023,19-08-2023,205
205,3695,700000,84,10.06,16301,60,31-05-2013,31-05-2020,205
205,9584,300000,21,10.81,15830,20,06-09-2016,06-06-2018,205
206,6314,800000,39,14.2,30551,30,09-09-2014,09-12-2017,206
207,4112,300000,129,13.66,8368,116,08-01-2017,08-10-2027,207
208,9843,200000,147,12.04,5323,137,10-07-2018,10-10-2030,208
208,3277,500000,75,13.08,13939,45,16-05-2013,16-08-2019,208
209,6917,700000,84,10.42,16678,79,10-01-2022,10-01-2029,209
209,4196,600000,75,10.5,14563,58,03-11-2016,03-02-2023,209
210,4690,100000,159,10.7,2358,133,10-09-2020,10-12-2033,210
210,3672,800000,144,13.79,26180,87,13-02-2014,13-02-2026,210
210,6042,600000,9,18,66667,5,20-12-2015,20-09-2016,210
212,6502,300000,126,16.5,10965,110,26-08-2023,26-02-2034,212
213,2235,800000,93,16.45,24979,58,29-03-2011,29-12-2018,213
213,2729,400000,114,12.43,10072,105,02-07-2020,02-01-2030,213
214,1732,200000,48,10.88,6298,37,20-07-2021,20-07-2025,214
214,4707,300000,138,12.96,8306,116,07-08-2017,07-02-2029,214
215,7879,800000,177,13.55,26775,152,12-03-2015,12-12-2029,215
215,7062,900000,117,10.15,18362,91,24-10-2020,24-07-2030,215
215,2257,900000,87,11.63,22345,75,29-11-2018,28-02-2026,215
215,1038,800000,168,8.95,15811,104,18-11-2015,18-11-2029,215
215,2212,100000,30,8.99,3960,18,26-07-2015,26-01-2018,215
215,9084,300000,99,11.14,7054,55,21-02-2021,21-05-2029,215
216,6543,800000,171,16.38,39119,125,18-07-2012,18-10-2026,216
217,1824,700000,180,14.81,30869,113,05-10-2021,05-10-2036,217
218,7510,300000,75,12.24,7997,46,09-02-2022,09-05-2028,218
218,4058,500000,15,12.25,37417,11,13-06-2017,13-09-2018,218
218,7753,800000,156,8.05,14031,146,02-01-2018,02-01-2031,218
219,7547,200000,108,11.56,4957,61,26-02-2016,26-02-2025,219
220,7158,900000,141,9.76,17779,98,26-10-2017,26-07-2029,220
220,9627,200000,72,12.19,5539,42,01-07-2014,01-07-2020,220
221,4149,900000,15,9.15,65490,8,29-07-2014,29-10-2015,221
221,8089,800000,102,16.96,27466,94,16-11-2015,16-05-2024,221
221,1785,900000,165,15,33561,85,10-01-2021,10-10-2034,221
221,2905,200000,141,10.86,4409,108,15-06-2010,15-03-2022,221
222,9666,800000,177,17.45,42959,91,11-02-2015,11-11-2029,222
222,9250,900000,90,11.22,21051,62,05-12-2015,05-06-2023,222
222,5257,900000,18,9.09,54545,9,15-07-2010,15-01-2012,222
223,3363,700000,120,14.01,21644,99,04-04-2019,04-04-2029,223
223,1264,100000,114,10.43,2142,60,30-06-2021,30-12-2030,223
223,7953,900000,120,14.73,29637,116,21-11-2014,21-11-2024,223
223,7425,900000,81,14.68,25275,81,26-04-2021,26-01-2028,223
224,4290,300000,15,12.3,22460,14,28-08-2019,28-11-2020,224
224,6703,900000,171,16.74,45954,134,12-07-2014,12-10-2028,224
224,6837,400000,45,13.12,12867,30,11-05-2015,11-02-2019,224
226,4634,800000,105,15.99,24961,68,12-03-2012,12-12-2020,226
227,3949,1000000,144,17.93,50249,133,20-05-2019,20-05-2031,227
227,1765,600000,27,9.43,26611,14,03-04-2011,03-07-2013,227
228,6968,500000,114,9,9526,114,17-05-2012,17-11-2021,228
228,4873,600000,147,11.32,14781,105,20-05-2014,20-08-2026,228
228,8915,300000,132,17.56,13471,117,27-07-2013,27-07-2024,228
229,4648,700000,18,12.57,43777,13,10-09-2020,10-03-2022,229
229,2050,100000,45,16.27,3493,27,08-12-2017,08-09-2021,229
229,1908,1000000,90,11.35,23582,74,21-05-2018,21-11-2025,229
229,2842,200000,57,12.47,5614,47,08-10-2014,08-07-2019,229
229,9856,500000,147,9.02,9588,113,03-09-2019,03-12-2031,229
229,5552,600000,180,15.61,29364,97,20-07-2011,20-07-2026,229
230,4989,200000,138,17.82,8802,133,21-02-2018,21-08-2029,230
230,7603,200000,120,15.72,7177,78,28-02-2021,28-02-2031,230
231,7264,300000,69,16.58,9363,66,22-02-2013,22-11-2018,231
231,6593,600000,39,10.8,20927,37,03-09-2022,03-12-2025,231
232,9446,400000,141,17.55,16799,131,04-07-2017,04-04-2029,232
233,3464,500000,168,11.05,12910,120,13-06-2012,13-06-2026,233
234,8225,700000,129,9.83,13859,115,11-10-2010,11-07-2021,234
235,2766,600000,117,15.46,18700,106,10-09-2020,10-06-2030,235
235,4621,100000,99,14.51,2986,67,16-05-2012,16-08-2020,235
236,4789,800000,168,15.56,36065,121,21-02-2014,21-02-2028,236
236,4361,300000,42,13.01,10309,33,01-09-2014,01-03-2018,236
236,5686,500000,48,10.73,15660,47,24-04-2019,24-04-2023,236
236,5692,800000,177,9.66,16436,106,16-11-2021,16-08-2036,236
236,9666,400000,141,15.45,13778,121,12-10-2017,12-07-2029,236
236,5146,500000,45,12.93,16002,29,28-02-2021,28-11-2024,236
236,4060,300000,84,14.88,9431,56,06-12-2018,06-12-2025,236
237,3807,100000,174,8.65,1836,171,27-08-2017,27-02-2032,237
237,5578,500000,162,11.03,12028,148,05-08-2010,05-02-2024,237
238,8874,1000000,6,16.47,166667,5,13-07-2023,13-01-2024,238
238,6885,600000,105,11.6,13749,99,23-07-2020,23-04-2029,238
238,6066,200000,75,9.12,4502,38,11-08-2018,11-11-2024,238
238,9546,200000,84,8.11,4110,81,31-07-2021,31-07-2028,238
239,5600,400000,108,16.29,14405,62,05-12-2014,05-12-2023,239
239,3632,900000,165,14.63,32184,138,12-02-2017,12-11-2030,239
239,2654,100000,93,11.53,2308,76,05-11-2010,05-08-2018,239
240,1003,400000,75,16.93,13632,66,04-05-2011,04-08-2017,240
240,8295,800000,81,13.11,20683,54,18-10-2018,18-07-2025,240
240,9555,1000000,18,9.75,60972,15,31-01-2012,31-07-2013,240
240,2645,800000,171,11.41,21234,160,25-12-2011,25-03-2026,240
240,1336,800000,162,12.03,21623,93,22-12-2019,22-06-2033,240
240,1065,400000,3,16.17,133333,3,01-10-2014,01-01-2015,240
241,5189,400000,153,10.72,8873,133,22-11-2011,22-08-2024,241
241,3163,100000,153,12.07,2566,124,13-04-2023,13-01-2036,241
241,5997,400000,114,11.63,9445,94,14-04-2023,14-10-2032,241
243,2489,900000,6,12.6,150000,6,22-12-2014,22-06-2015,243
243,6341,900000,162,17.42,44810,132,26-09-2021,26-03-2035,243
243,8299,300000,69,8.13,6427,49,07-12-2010,07-09-2016,243
244,8216,800000,153,11.25,18793,101,13-09-2019,13-06-2032,244
244,7997,400000,135,12.1,10408,81,02-05-2019,02-08-2030,244
244,2696,1000000,63,17.54,35611,62,14-08-2015,14-11-2020,244
245,6380,600000,15,14.76,45904,9,01-10-2020,01-01-2022,245
246,5389,600000,159,16.78,28349,141,24-08-2020,24-11-2033,246
246,7498,200000,174,12.97,6338,129,20-10-2020,20-04-2035,246
246,9836,600000,90,9.44,12535,58,09-09-2012,09-03-2020,246
247,7130,900000,174,15.59,39317,99,06-11-2016,06-05-2031,247
247,2120,600000,135,13.16,17316,83,24-11-2013,24-02-2025,247
247,4321,300000,132,16.32,11988,112,08-08-2015,08-08-2026,247
248,5591,700000,33,8.22,24843,31,05-07-2013,05-04-2016,248
248,2839,400000,180,9.64,8837,149,17-12-2020,17-12-2035,248
249,5890,300000,60,14.02,9636,50,04-02-2019,04-02-2024,249
249,9829,400000,87,8.76,8276,69,17-08-2013,17-11-2020,249
250,8485,800000,27,8.44,34842,22,07-06-2010,07-09-2012,250
250,7023,500000,81,16.79,15665,57,31-07-2023,30-04-2030,250
250,3089,700000,144,15.72,28031,119,19-01-2012,19-01-2024,250
251,1042,200000,42,12.65,6807,24,06-02-2019,06-08-2022,251
251,8156,300000,27,11.48,13809,14,19-08-2018,19-11-2020,251
251,9370,100000,9,9.16,11111,7,11-10-2022,11-07-2023,251
251,6957,600000,90,16.14,19001,56,16-02-2018,16-08-2025,251
251,9518,400000,105,15.42,11998,81,25-01-2021,25-10-2029,251
252,4476,300000,138,14.61,9743,122,02-09-2021,02-03-2033,252
252,7150,500000,126,13.54,14128,123,11-11-2017,11-05-2028,252
253,9937,200000,54,16.03,6713,42,10-01-2017,10-07-2021,253
254,1947,1000000,111,13.73,28678,90,29-02-2012,29-05-2021,254
254,2582,1000000,51,11.83,30666,27,14-06-2018,14-09-2022,254
254,6327,600000,111,16.85,21953,75,18-02-2015,18-05-2024,254
255,8176,600000,135,11.9,15309,77,01-05-2020,01-08-2031,255
255,4548,800000,147,15.37,30261,84,28-12-2015,28-03-2028,255
255,6830,100000,6,16.91,16667,4,31-12-2018,30-06-2019,255
255,1800,200000,171,10.25,4585,109,10-02-2023,10-05-2037,255
255,7732,200000,81,16.18,6072,65,29-09-2017,29-06-2024,255
255,9657,300000,51,13.12,9632,41,24-03-2014,24-06-2018,255
256,5851,300000,3,14.8,100000,2,29-04-2017,29-07-2017,256
256,2761,200000,81,10.43,4478,59,10-11-2017,10-08-2024,256
257,3583,500000,96,11.96,12859,92,08-05-2011,08-05-2019,257
257,8769,200000,117,17.53,7314,70,07-12-2022,07-09-2032,257
258,8660,700000,156,13.66,23707,113,05-03-2022,05-03-2035,258
258,2352,400000,129,13.07,10591,123,21-09-2017,21-06-2028,258
258,8659,500000,63,9.65,12580,60,14-03-2010,14-06-2015,258
259,1611,700000,117,10.31,14469,62,10-08-2011,10-05-2021,259
260,9996,600000,90,18,21236,59,12-02-2023,12-08-2030,260
260,1309,300000,90,11.92,7332,82,17-02-2018,17-08-2025,260
260,1670,700000,141,9.49,13459,111,09-09-2020,09-06-2032,260
261,2828,400000,96,13.9,11803,58,05-01-2010,05-01-2018,261
261,9417,600000,168,13.44,20872,108,24-07-2022,24-07-2036,261
263,8771,700000,126,8.19,12207,77,29-10-2016,29-04-2027,263
263,3176,800000,18,14.91,51071,11,20-06-2019,20-12-2020,263
263,2320,700000,153,16.72,29252,92,19-02-2022,19-11-2034,263
264,1183,100000,168,12.43,3069,112,04-07-2013,04-07-2027,264
264,1540,500000,39,17.29,20687,24,13-06-2014,13-09-2017,264
264,8219,900000,108,16,31691,83,09-05-2013,09-05-2022,264
264,5624,700000,72,8.42,15791,50,30-11-2017,30-11-2023,264
264,1253,400000,57,16.88,13096,51,30-11-2019,30-08-2024,264
265,8112,500000,54,16.06,16800,35,17-07-2015,17-01-2020,265
265,6262,200000,102,14.37,5740,72,14-10-2022,14-04-2031,265
265,9400,300000,9,12.04,33333,7,26-12-2015,26-09-2016,265
265,7756,400000,84,17.46,14690,76,10-09-2020,10-09-2027,265
265,1325,300000,6,12.48,50000,6,07-05-2015,07-11-2015,265
266,3015,500000,81,10.42,11188,41,12-10-2021,12-07-2028,266
266,1321,200000,51,13.86,6591,46,06-08-2013,06-11-2017,266
268,8961,300000,180,10.7,7657,134,12-09-2022,12-09-2037,268
269,5693,200000,36,8.05,7008,30,29-10-2020,29-10-2023,269
269,4872,600000,174,9.64,12507,107,02-03-2016,02-09-2030,269
269,1153,200000,93,12.07,4775,86,16-05-2012,16-02-2020,269
269,7477,200000,48,12.11,6582,28,22-02-2023,22-02-2027,269
270,2941,300000,3,13.46,100000,3,06-09-2011,06-12-2011,270
270,6018,600000,120,8.91,11739,94,02-12-2017,02-12-2027,270
270,5663,200000,111,10.91,4576,97,04-07-2012,04-10-2021,270
270,3109,200000,165,13.77,6485,115,25-12-2010,25-09-2024,270
271,3588,500000,165,15.72,20221,159,30-08-2021,30-05-2035,271
271,4297,200000,48,10.12,6127,47,20-05-2018,20-05-2022,271
271,8688,100000,54,9.44,2657,50,15-06-2016,15-12-2020,271
272,7825,300000,114,9,5716,100,06-01-2016,06-07-2025,272
272,5212,500000,54,14.9,16138,41,06-02-2016,06-08-2020,272
272,6647,100000,93,17.55,3335,75,11-05-2017,11-02-2025,272
273,3576,1000000,129,16.67,36224,74,29-05-2018,28-02-2029,273
273,1243,600000,45,15.53,20560,43,24-06-2012,24-03-2016,273
274,6628,500000,153,12.55,13503,153,07-08-2016,07-05-2029,274
274,4520,900000,93,16.96,28975,48,20-01-2021,20-10-2028,274
275,6638,900000,150,13.97,28816,139,29-08-2022,28-02-2035,275
275,2261,500000,162,14.51,17965,128,13-06-2010,13-12-2023,275
276,3056,400000,141,16.32,14964,99,24-07-2013,24-04-2025,276
277,1718,500000,147,13.17,15012,138,01-07-2021,01-10-2033,277
277,8054,200000,165,13.88,6567,90,23-11-2016,23-08-2030,277
277,2577,300000,3,9.96,100000,2,12-10-2011,12-01-2012,277
277,7953,500000,6,8.84,83333,5,20-04-2018,20-10-2018,277
278,6656,300000,168,16.59,15313,92,10-06-2011,10-06-2025,278
279,1845,1000000,39,13.24,37234,28,26-09-2019,26-12-2022,279
279,1662,600000,51,12.65,18945,41,03-09-2019,03-12-2023,279
280,1787,600000,132,16.87,25253,88,29-12-2021,29-12-2032,280
280,3564,400000,96,9.52,8625,71,27-07-2023,27-07-2031,280
280,5336,1000000,90,10.26,22013,86,26-03-2018,26-09-2025,280
281,6727,100000,72,13.88,3029,56,14-01-2015,14-01-2021,281
281,5236,600000,66,12.27,16215,41,08-02-2020,08-08-2025,281
281,2710,1000000,84,9.13,21945,71,23-09-2011,23-09-2018,281
281,7373,700000,129,16.2,24354,69,11-03-2015,11-12-2025,281
282,4696,900000,51,14.74,30587,32,22-01-2018,22-04-2022,282
283,9502,900000,57,12.79,25553,29,27-04-2016,27-01-2021,283
284,4557,600000,72,9.26,14177,61,26-10-2018,26-10-2024,284
284,1485,500000,105,10.83,10840,94,30-10-2016,30-07-2025,284
284,3518,300000,150,9.88,6195,129,09-02-2012,09-08-2024,284
285,9147,100000,120,14.93,3351,61,11-09-2022,11-09-2032,285
285,7228,800000,39,12.61,29292,25,07-08-2021,07-11-2024,285
286,5597,900000,84,10.95,22175,76,08-10-2014,08-10-2021,286
286,8709,1000000,177,11.28,25227,129,18-08-2011,18-05-2026,286
286,2365,400000,168,12.72,12728,120,21-08-2021,21-08-2035,286
287,6309,800000,75,15.08,24776,51,08-08-2015,08-11-2021,287
288,1151,900000,24,17.01,51343,19,24-07-2017,24-07-2019,288
288,2968,300000,78,8.21,6175,59,08-06-2017,08-12-2023,288
288,8668,500000,45,8.01,14001,34,19-09-2016,19-06-2020,288
288,7650,1000000,69,8.16,21453,47,08-05-2010,08-02-2016,288
289,1184,500000,81,11.37,11779,63,08-04-2016,08-01-2023,289
290,3301,800000,108,14.55,25155,86,19-08-2016,19-08-2025,290
290,5848,400000,87,10.7,9366,70,29-01-2018,29-04-2025,290
290,6558,100000,153,16.38,4035,94,20-02-2016,20-11-2028,290
290,5695,300000,174,13.14,9710,163,25-10-2022,25-04-2037,290
290,4878,600000,102,13.02,15660,78,23-10-2020,23-04-2029,290
291,3914,800000,159,9.07,15555,123,08-12-2012,08-03-2026,291
292,5021,600000,102,17.25,21011,55,28-09-2010,28-03-2019,292
292,3144,700000,21,8.25,36083,19,28-06-2015,28-03-2017,292
292,2730,900000,102,10.68,19870,59,03-07-2021,03-01-2030,292
292,2233,300000,114,8.27,5380,104,04-04-2014,04-10-2023,292
293,8180,500000,18,17.8,32722,14,02-03-2017,02-09-2018,293
293,5188,1000000,123,10.29,21650,69,09-08-2018,09-11-2028,293
293,8963,800000,135,15.09,27808,128,26-09-2016,26-12-2027,293
294,4554,200000,156,9.3,4073,96,17-04-2020,17-04-2033,294
294,5842,500000,99,16.32,16927,71,26-09-2016,26-12-2024,294
295,9374,700000,90,10.09,15244,68,11-01-2023,11-07-2030,295
295,7102,600000,120,12.89,16808,105,19-12-2021,19-12-2031,295
295,2365,600000,69,11.72,15134,53,08-07-2017,08-04-2023,295
295,1412,1000000,18,16.21,64561,15,22-10-2020,22-04-2022,295
295,2017,600000,141,11.46,14036,111,04-08-2015,04-05-2027,295
295,6525,800000,57,12.03,22108,49,15-12-2021,15-09-2026,295
295,3488,900000,90,11.13,20932,76,08-01-2017,08-07-2024,295
296,3430,900000,90,10.95,20696,83,06-04-2010,06-10-2017,296
296,2991,700000,78,14.61,20339,42,26-10-2015,26-04-2022,296
296,5339,600000,135,17.25,25589,84,07-06-2021,07-09-2032,296
297,4881,1000000,42,9.63,31372,35,03-03-2018,03-09-2021,297
297,9358,200000,93,11.24,4533,88,11-03-2013,11-12-2020,297
297,1867,500000,105,12.37,12106,82,05-11-2017,05-08-2026,297
298,5078,600000,69,12.83,15901,50,07-03-2015,07-12-2020,298
298,8640,300000,150,11.04,7027,77,07-11-2015,07-05-2028,298
298,7422,500000,123,17.3,20047,94,02-07-2010,02-10-2020,298
299,5432,300000,180,14.37,12489,108,20-05-2015,20-05-2030,299
299,5808,700000,150,10.18,14936,98,10-11-2017,10-05-2030,299
299,9223,800000,6,11.66,133333,4,19-07-2015,19-01-2016,299
300,6414,800000,84,11.51,20418,52,28-09-2022,28-09-2029,300
300,9268,600000,162,14.34,21145,132,30-08-2012,28-02-2026,300
300,4873,700000,45,13.75,22895,31,06-12-2013,06-09-2017,300
